open_time,open_price,high_price,low_price,close_price,volume,close_time,quote_asset_volume,number_of_trades,taker_buy_base_asset_volume,taker_buy_quote_asset_volume,ignore
2023-08-17 12:50:00,28517.6,28539.86,28517.59000000,28526.93,136.34919000,2023-08-17 12:50:00,3889982.70453480,3252,57.92678000,1652475.65097970,0
2023-08-17 12:55:00,28526.94,28526.94,28496.40000000,28496.41,165.33493000,2023-08-17 12:55:00,4714933.75561380,2893,55.70913000,1588828.41041510,0
2023-08-17 13:00:00,28496.4,28510.0,28453.53000000,28453.53,279.94484000,2023-08-17 13:00:00,7973505.52029870,5294,92.02463000,2621365.14999380,0
2023-08-17 13:05:00,28453.53,28481.84,28452.68000000,28452.69,119.05804000,2023-08-17 13:05:00,3389298.67048790,3493,55.89014000,1591037.60853170,0
2023-08-17 13:10:00,28452.68,28491.6,28452.44000000,28491.59,176.12049000,2023-08-17 13:10:00,5014815.89007980,4480,87.99669000,2505482.49902110,0
2023-08-17 13:15:00,28491.6,28527.99,28491.59000000,28525.34,128.05354000,2023-08-17 13:15:00,3650216.27814650,3386,78.39407000,2234647.61772260,0
2023-08-17 13:20:00,28525.34,28542.26,28522.00000000,28542.26,97.61624000,2023-08-17 13:20:00,2785098.48772400,2724,58.25015000,1661893.14930860,0
2023-08-17 13:25:00,28542.26,28545.0,28506.18000000,28521.99,97.16736000,2023-08-17 13:25:00,2771273.89213910,2988,33.91192000,967060.66227470,0
2023-08-17 13:30:00,28521.98,28524.0,28475.00000000,28475.0,102.42044000,2023-08-17 13:30:00,2918706.19574910,3280,45.87661000,1307401.32561370,0
2023-08-17 13:35:00,28475.0,28475.01,28454.00000000,28464.99,160.08899000,2023-08-17 13:35:00,4556898.45125120,4017,78.46204000,2233247.30670740,0
2023-08-17 13:40:00,28464.99,28474.45,28413.79000000,28426.0,390.37441000,2023-08-17 13:40:00,11103739.58372380,8151,153.01405000,4351770.17858870,0
2023-08-17 13:45:00,28426.0,28447.8,28416.00000000,28416.01,248.65681000,2023-08-17 13:45:00,7069514.18975000,5035,105.62045000,3002728.15276990,0
2023-08-17 13:50:00,28416.0,28440.51,28400.00000000,28411.36,331.61480000,2023-08-17 13:50:00,9424124.78957220,6631,132.01997000,3751649.92325820,0
2023-08-17 13:55:00,28411.35,28414.81,28381.00000000,28400.0,287.88225000,2023-08-17 13:55:00,8175577.87527370,7329,119.99470000,3407543.22811770,0
2023-08-17 14:00:00,28400.0,28415.8,28366.00000000,28390.01,196.49022000,2023-08-17 14:00:00,5578248.80867440,6440,95.74006000,2717987.19511710,0
2023-08-17 14:05:00,28390.0,28460.01,28390.00000000,28432.01,208.42124000,2023-08-17 14:05:00,5924791.46240700,5281,122.89949000,3493271.54011550,0
2023-08-17 14:10:00,28432.0,28432.01,28357.00000000,28367.98,253.91699000,2023-08-17 14:10:00,7206807.60240600,5896,91.60401000,2599636.22126100,0
2023-08-17 14:15:00,28367.98,28403.9,28357.17000000,28360.01,257.62903000,2023-08-17 14:15:00,7312176.95450740,5761,132.05916000,3747806.58449270,0
2023-08-17 14:20:00,28360.01,28403.05,28336.00000000,28403.05,400.21276000,2023-08-17 14:20:00,11349247.46015360,8469,189.38064000,5370838.79006990,0
2023-08-17 14:25:00,28403.05,28435.68,28376.68000000,28383.99,159.79365000,2023-08-17 14:25:00,4539594.15794510,5067,89.30663000,2537073.86736250,0
2023-08-17 14:30:00,28383.98,28418.42,28358.32000000,28364.0,160.81323000,2023-08-17 14:30:00,4565616.95764610,4756,71.49746000,2029805.66588720,0
2023-08-17 14:35:00,28364.0,28390.0,28357.25000000,28382.0,264.97487000,2023-08-17 14:35:00,7517907.32162690,5543,154.14818000,4373522.72683110,0
2023-08-17 14:40:00,28382.0,28382.0,28320.11000000,28379.59,398.39304000,2023-08-17 14:40:00,11294341.20469010,8494,202.45076000,5739505.83430220,0
2023-08-17 14:45:00,28379.6,28420.01,28354.73000000,28354.73,319.40227000,2023-08-17 14:45:00,9066487.38075450,6484,171.20823000,4860499.49366550,0
2023-08-17 14:50:00,28354.74,28422.0,28348.58000000,28411.98,289.23542000,2023-08-17 14:50:00,8214045.09853600,6421,187.08391000,5312962.22989940,0
2023-08-17 14:55:00,28411.99,28431.08,28394.34000000,28394.34,163.99404000,2023-08-17 14:55:00,4659495.40469130,4177,91.01049000,2585756.43528880,0
2023-08-17 15:00:00,28394.34,28456.97,28276.00000000,28454.46,1139.64342000,2023-08-17 15:00:00,32321412.00074740,20020,501.48373000,14223721.88749480,0
2023-08-17 15:05:00,28454.46,28500.6,28438.00000000,28444.76,420.42577000,2023-08-17 15:05:00,11970728.10007990,10206,228.72846000,6511945.31885700,0
2023-08-17 15:10:00,28444.77,28472.02,28430.00000000,28457.51,146.55107000,2023-08-17 15:10:00,4169105.27022140,4452,79.84607000,2271386.98268760,0
2023-08-17 15:15:00,28457.52,28494.72,28426.51000000,28426.52,225.95771000,2023-08-17 15:15:00,6432872.75198550,5551,111.26515000,3167864.54156460,0
2023-08-17 15:20:00,28426.51,28441.63,28411.62000000,28431.16,139.44304000,2023-08-17 15:20:00,3964065.82553550,3989,69.37629000,1972164.83988150,0
2023-08-17 15:25:00,28431.15,28431.16,28400.00000000,28401.43,189.23832000,2023-08-17 15:25:00,5376597.70399460,3736,90.60674000,2574245.08945060,0
2023-08-17 15:30:00,28401.43,28422.0,28349.23000000,28364.55,351.07260000,2023-08-17 15:30:00,9965988.48004020,8467,160.65566000,4560377.05405670,0
2023-08-17 15:35:00,28364.54,28378.0,28067.00000000,28067.0,2219.41037000,2023-08-17 15:35:00,62638921.54050160,33327,814.63832000,23002805.73215470,0
2023-08-17 15:40:00,28067.0,28172.74,27981.00000000,28053.79,2868.41593000,2023-08-17 15:40:00,80514372.04007370,36251,1233.49544000,34633469.17593920,0
2023-08-17 15:45:00,28053.8,28123.04,27994.00000000,28044.01,1023.65172000,2023-08-17 15:45:00,28736603.69705270,15378,521.29339000,14632703.82755200,0
2023-08-17 15:50:00,28044.01,28100.07,27994.01000000,28000.0,972.30510000,2023-08-17 15:50:00,27268005.98544230,15679,454.18518000,12736995.76216160,0
2023-08-17 15:55:00,28000.0,28028.9,27888.00000000,27934.02,1669.98046000,2023-08-17 15:55:00,46680646.31579810,22655,751.54549000,21008140.12326950,0
2023-08-17 16:00:00,27934.02,27980.32,27700.00000000,27758.01,2437.69525000,2023-08-17 16:00:00,67916629.55720630,27822,815.76693000,22722359.23156870,0
2023-08-17 16:05:00,27758.01,27877.22,27714.47000000,27784.01,1515.82265000,2023-08-17 16:05:00,42134308.51657600,19422,731.56508000,20334026.59277560,0
2023-08-17 16:10:00,27784.01,27837.35,27764.00000000,27814.01,670.48169000,2023-08-17 16:10:00,18645014.59955280,11678,301.99983000,8397792.87328130,0
2023-08-17 16:15:00,27814.01,27853.93,27800.00000000,27824.6,477.37835000,2023-08-17 16:15:00,13285677.38827180,9897,258.18248000,7184991.01540810,0
2023-08-17 16:20:00,27824.6,27824.6,27785.20000000,27804.33,491.75725000,2023-08-17 16:20:00,13673135.01955410,10057,243.82830000,6779163.09258320,0
2023-08-17 16:25:00,27804.33,27890.73,27788.68000000,27888.98,549.10100000,2023-08-17 16:25:00,15288977.84197980,11055,296.45700000,8254905.11481190,0
2023-08-17 16:30:00,27888.97,28049.31,27875.00000000,28042.51,902.26489000,2023-08-17 16:30:00,25242470.40876830,15123,520.14698000,14549754.44177660,0
2023-08-17 16:35:00,28042.52,28059.16,28020.59000000,28034.0,456.49221000,2023-08-17 16:35:00,12797771.86937600,7447,204.71991000,5739179.96298040,0
2023-08-17 16:40:00,28034.0,28089.78,28030.00000000,28044.0,363.68173000,2023-08-17 16:40:00,10205587.85058240,7308,187.79444000,5269476.00126380,0
2023-08-17 16:45:00,28043.99,28058.0,27944.42000000,27948.53,446.76151000,2023-08-17 16:45:00,12504884.91744780,8064,177.97548000,4980674.30630350,0
2023-08-17 16:50:00,27948.53,27958.0,27894.98000000,27899.99,427.38072000,2023-08-17 16:50:00,11931317.73187900,6615,265.75569000,7418374.07239910,0
2023-08-17 16:55:00,27900.0,27962.83,27884.92000000,27937.35,257.99904000,2023-08-17 16:55:00,7202546.00117760,6324,153.50455000,4284922.37838420,0
2023-08-17 17:00:00,27937.36,27995.39,27936.65000000,27972.05,335.24987000,2023-08-17 17:00:00,9376868.53622530,6161,157.13672000,4394857.73605290,0
2023-08-17 17:05:00,27972.04,28040.0,27972.04000000,28035.61,255.60035000,2023-08-17 17:05:00,7160188.24857210,5230,171.51207000,4803816.58785500,0
2023-08-17 17:10:00,28035.61,28035.61,27976.98000000,27980.02,248.45657000,2023-08-17 17:10:00,6956002.08492390,3909,95.30217000,2668132.21830740,0
2023-08-17 17:15:00,27980.02,28040.0,27980.01000000,28030.0,160.61589000,2023-08-17 17:15:00,4499388.18158920,3678,93.45772000,2617899.61144700,0
2023-08-17 17:20:00,28030.0,28030.01,27998.34000000,28012.0,121.66105000,2023-08-17 17:20:00,3407734.95632510,3093,61.10038000,1711399.90142910,0
2023-08-17 17:25:00,28011.99,28012.0,27993.36000000,28005.99,113.32703000,2023-08-17 17:25:00,3173447.70749850,3363,62.44974000,1748671.84346870,0
2023-08-17 17:30:00,28006.0,28024.0,27999.20000000,28018.01,148.53271000,2023-08-17 17:30:00,4160780.78822960,3318,67.43158000,1888867.34855700,0
2023-08-17 17:35:00,28018.01,28030.14,28004.59000000,28030.14,97.90945000,2023-08-17 17:35:00,2742715.64468470,2490,69.56101000,1948543.35697480,0
2023-08-17 17:40:00,28030.14,28031.3,27969.70000000,27983.62,233.10765000,2023-08-17 17:40:00,6525987.75399760,3766,86.94475000,2433526.10947120,0
2023-08-17 17:45:00,27983.62,27987.82,27949.00000000,27967.0,165.95467000,2023-08-17 17:45:00,4641204.34811850,3571,70.13921000,1961564.03606500,0
2023-08-17 17:50:00,27967.01,27979.42,27960.39000000,27960.4,127.68447000,2023-08-17 17:50:00,3571288.82752150,2461,50.88756000,1423309.33419050,0
2023-08-17 17:55:00,27960.39,27974.0,27953.45000000,27974.0,150.11277000,2023-08-17 17:55:00,4197699.45074420,2858,72.06336000,2015100.25179940,0
2023-08-17 18:00:00,27973.99,28025.08,27971.66000000,28014.37,182.60985000,2023-08-17 18:00:00,5114170.71004570,3362,120.57679000,3376597.88393950,0
2023-08-17 18:05:00,28014.37,28014.37,27974.01000000,27980.65,127.99452000,2023-08-17 18:05:00,3582289.27458370,2722,50.19989000,1404809.45420890,0
2023-08-17 18:10:00,27980.65,27980.65,27962.00000000,27971.75,142.19055000,2023-08-17 18:10:00,3977004.81399070,2869,56.98785000,1593865.69065690,0
2023-08-17 18:15:00,27971.74,28003.0,27949.50000000,28002.99,164.31911000,2023-08-17 18:15:00,4596660.28980010,3558,77.74058000,2174843.87544010,0
2023-08-17 18:20:00,28002.99,28003.9,27974.60000000,27974.6,52.10039000,2023-08-17 18:20:00,1458426.97198100,1849,14.51695000,406323.17290570,0
2023-08-17 18:25:00,27974.61,27974.61,27957.67000000,27957.68,27.67391000,2023-08-17 18:25:00,773888.87912760,1552,12.47127000,348746.19778000,0
2023-08-17 18:30:00,27957.67,27958.42,27915.00000000,27915.01,179.89366000,2023-08-17 18:30:00,5026415.89179460,3565,55.97774000,1564018.41272910,0
2023-08-17 18:35:00,27915.0,27926.09,27878.90000000,27893.63,307.37040000,2023-08-17 18:35:00,8576030.81728640,5395,128.88897000,3596032.07224700,0
2023-08-17 18:40:00,27893.63,27923.35,27892.01000000,27900.01,132.40473000,2023-08-17 18:40:00,3695635.68548560,2890,65.98108000,1841525.12488290,0
2023-08-17 18:45:00,27900.01,27913.74,27864.74000000,27874.52,200.23875000,2023-08-17 18:45:00,5584010.70169700,3998,81.92280000,2284308.25572810,0
2023-08-17 18:50:00,27874.52,27911.33,27874.52000000,27892.74,174.58682000,2023-08-17 18:50:00,4870416.39028760,3479,103.39513000,2884026.15507890,0
2023-08-17 18:55:00,27892.73,27892.74,27869.84000000,27879.97,197.29884000,2023-08-17 18:55:00,5500251.80746220,3329,91.96559000,2563614.21275100,0
2023-08-17 19:00:00,27879.98,27903.19,27858.07000000,27903.18,169.90064000,2023-08-17 19:00:00,4736760.07351290,3928,79.40284000,2213797.41764760,0
2023-08-17 19:05:00,27903.18,27938.24,27903.18000000,27918.49,111.89317000,2023-08-17 19:05:00,3124569.82085260,3093,56.56790000,1579543.01899580,0
2023-08-17 19:10:00,27918.49,27938.0,27902.68000000,27937.99,106.65840000,2023-08-17 19:10:00,2977489.81581370,2430,55.79137000,1557475.34675610,0
2023-08-17 19:15:00,27937.99,27971.17,27921.88000000,27971.16,139.36393000,2023-08-17 19:15:00,3894223.10506090,3161,79.48358000,2221176.12464120,0
2023-08-17 19:20:00,27971.17,27971.17,27917.12000000,27919.76,94.37642000,2023-08-17 19:20:00,2637520.56618100,2511,35.72481000,998220.99958080,0
2023-08-17 19:25:00,27919.76,27955.27,27918.11000000,27955.26,130.14095000,2023-08-17 19:25:00,3635444.56660460,2554,75.43170000,2107092.13929860,0
2023-08-17 19:30:00,27955.26,27967.04,27951.07000000,27964.46,69.08883000,2023-08-17 19:30:00,1931801.94718220,2122,19.37950000,541829.99179360,0
2023-08-17 19:35:00,27964.46,27975.59,27944.78000000,27945.33,150.19421000,2023-08-17 19:35:00,4199637.13562040,2760,70.36450000,1967467.03011420,0
2023-08-17 19:40:00,27945.33,27945.68,27928.20000000,27928.2,98.93407000,2023-08-17 19:40:00,2763998.46953310,2204,32.69435000,913370.23861180,0
2023-08-17 19:45:00,27928.2,27954.0,27928.20000000,27935.52,138.51350000,2023-08-17 19:45:00,3870101.06251090,2799,52.07902000,1455021.74165680,0
2023-08-17 19:50:00,27935.52,27949.33,27931.62000000,27931.63,92.32200000,2023-08-17 19:50:00,2579396.88287290,2117,36.32051000,1014704.41214970,0
2023-08-17 19:55:00,27931.62,27932.0,27891.19000000,27894.01,144.19858000,2023-08-17 19:55:00,4024309.82747540,2919,38.60041000,1077069.46518620,0
2023-08-17 20:00:00,27894.0,27920.23,27894.00000000,27898.8,120.94900000,2023-08-17 20:00:00,3375570.44384020,2690,65.97418000,1841129.24818900,0
2023-08-17 20:05:00,27898.79,27898.8,27876.00000000,27895.23,88.10995000,2023-08-17 20:05:00,2457416.33355700,2498,38.25888000,1066939.08802370,0
2023-08-17 20:10:00,27895.23,27895.65,27874.00000000,27875.77,85.91711000,2023-08-17 20:10:00,2395824.99338160,2461,29.05231000,810043.13466970,0
2023-08-17 20:15:00,27875.77,27878.58,27831.67000000,27833.65,203.08351000,2023-08-17 20:15:00,5656127.42126330,4725,73.30595000,2041362.71053600,0
2023-08-17 20:20:00,27833.65,27860.13,27824.33000000,27825.05,125.45323000,2023-08-17 20:20:00,3492751.59924930,2804,52.23754000,1454209.88663500,0
2023-08-17 20:25:00,27825.04,27833.77,27813.70000000,27817.56,83.96155000,2023-08-17 20:25:00,2336203.75645350,2590,40.43769000,1125083.11485690,0
2023-08-17 20:30:00,27817.56,27850.0,27817.55000000,27822.55,99.15088000,2023-08-17 20:30:00,2759892.15643130,2524,50.31089000,1400444.47222990,0
2023-08-17 20:35:00,27822.56,27830.29,27733.74000000,27752.01,536.18803000,2023-08-17 20:35:00,14895464.11086460,9494,233.38991000,6483548.95805750,0
2023-08-17 20:40:00,27752.0,27776.84,27720.00000000,27734.52,304.92241000,2023-08-17 20:40:00,8459004.70679950,6562,160.31445000,4447173.89433600,0
2023-08-17 20:45:00,27734.51,27759.59,27715.32000000,27715.33,209.08809000,2023-08-17 20:45:00,5798348.42544290,4637,91.82638000,2546362.66165880,0
2023-08-17 20:50:00,27715.33,27720.0,27530.00000000,27570.0,1575.23843000,2023-08-17 20:50:00,43504706.79103320,23618,646.21289000,17845597.22589270,0
2023-08-17 20:55:00,27570.0,27680.24,27565.67000000,27679.57,586.01445000,2023-08-17 20:55:00,16193231.73593470,9070,324.51563000,8967471.98984460,0
2023-08-17 21:00:00,27679.56,27737.83,27670.00000000,27676.46,357.02214000,2023-08-17 21:00:00,9890423.44529320,6750,157.09500000,4351700.66675790,0
2023-08-17 21:05:00,27676.47,27691.62,27655.13000000,27686.51,198.74587000,2023-08-17 21:05:00,5499971.77660620,4438,97.91401000,2709517.23385640,0
2023-08-17 21:10:00,27686.52,27686.52,27574.68000000,27598.0,532.60702000,2023-08-17 21:10:00,14707486.24756530,9066,223.43696000,6168134.78562980,0
2023-08-17 21:15:00,27598.01,27677.66,27576.81000000,27674.17,286.32095000,2023-08-17 21:15:00,7910474.23443880,6337,143.30408000,3959011.76446770,0
2023-08-17 21:20:00,27674.18,27717.24,27674.17000000,27696.34,288.79877000,2023-08-17 21:20:00,8000051.75369270,4775,132.08633000,3658634.68704530,0
2023-08-17 21:25:00,27696.33,27699.08,27672.94000000,27672.95,119.46182000,2023-08-17 21:25:00,3307607.29241660,2920,45.98716000,1273307.06617130,0
2023-08-17 21:30:00,27672.94,27716.08,27672.94000000,27712.11,158.35747000,2023-08-17 21:30:00,4386052.85944200,3203,97.20330000,2691924.74007940,0
2023-08-17 21:35:00,27712.11,27712.11,27553.00000000,27578.74,559.80509000,2023-08-17 21:35:00,15462849.77318060,12470,236.14002000,6519815.06327010,0
2023-08-17 21:40:00,27578.74,27605.86,25188.00000000,25188.01,5543.12856000,2023-08-17 21:40:00,146755027.30309380,125539,1486.78882000,39129195.76604890,0
2023-08-17 21:45:00,25188.0,26347.32,25166.00000000,25999.96,4165.06434000,2023-08-17 21:45:00,107331864.18820720,109553,2164.79176000,55815082.63318960,0
2023-08-17 21:50:00,25959.94,26481.9,25680.30000000,26268.0,2962.84014000,2023-08-17 21:50:00,77141889.69134130,79851,1663.95721000,43334167.42865230,0
2023-08-17 21:55:00,26267.99,26437.39,26084.68000000,26253.92,2376.73051000,2023-08-17 21:55:00,62396202.88278440,51762,1328.05623000,34864072.31999740,0
2023-08-17 22:00:00,26253.93,26500.0,26189.27000000,26295.99,2122.75148000,2023-08-17 22:00:00,55883345.09843310,37235,1101.18083000,28988124.83606330,0
2023-08-17 22:05:00,26296.0,26320.0,26080.22000000,26171.29,1610.59983000,2023-08-17 22:05:00,42228400.32678720,28523,849.94966000,22282521.12210200,0
2023-08-17 22:10:00,26171.3,26250.0,25950.00000000,26186.01,1639.01417000,2023-08-17 22:10:00,42832726.05553320,30171,912.39602000,23848921.70380990,0
2023-08-17 22:15:00,26186.01,26387.7,26175.88000000,26311.25,1430.17162000,2023-08-17 22:15:00,37614654.60711140,24383,803.98856000,21143732.06584470,0
2023-08-17 22:20:00,26311.24,26433.46,26297.22000000,26422.01,1240.35111000,2023-08-17 22:20:00,32687204.15477810,21941,730.35951000,19249172.13764750,0
2023-08-17 22:25:00,26422.01,26496.71,26360.42000000,26472.01,1263.91568000,2023-08-17 22:25:00,33405683.01964890,19618,639.29847000,16897645.48965150,0
2023-08-17 22:30:00,26472.01,26482.82,26350.89000000,26352.4,1167.35031000,2023-08-17 22:30:00,30829651.84665740,19670,643.04655000,16983081.16390300,0
2023-08-17 22:35:00,26352.4,26428.18,26287.74000000,26309.65,865.15322000,2023-08-17 22:35:00,22787450.84971010,16692,525.92647000,13852282.42601670,0
2023-08-17 22:40:00,26309.64,26393.31,26294.00000000,26340.06,773.50823000,2023-08-17 22:40:00,20367472.67187850,13610,446.53208000,11757550.99201740,0
2023-08-17 22:45:00,26340.05,26424.56,26300.99000000,26423.54,784.17965000,2023-08-17 22:45:00,20683113.15816330,12931,361.66229000,9536208.67454650,0
2023-08-17 22:50:00,26423.55,26475.02,26400.00000000,26445.41,535.40897000,2023-08-17 22:50:00,14150516.06136800,11503,322.16309000,8514339.61578650,0
2023-08-17 22:55:00,26445.42,27150.0,26432.00000000,26801.29,2981.54590000,2023-08-17 22:55:00,79836238.97151320,46762,1746.24894000,46747855.19433320,0
2023-08-17 23:00:00,26801.3,26865.39,26682.32000000,26834.0,1096.94840000,2023-08-17 23:00:00,29388058.53730310,20189,629.20309000,16857624.40821500,0
2023-08-17 23:05:00,26834.0,27000.0,26810.01000000,26862.01,1412.24949000,2023-08-17 23:05:00,37983506.48217700,21387,757.34867000,20368073.52140210,0
2023-08-17 23:10:00,26862.01,26919.34,26818.00000000,26850.07,1265.06381000,2023-08-17 23:10:00,33998570.15488220,15575,656.33374000,17636615.07795460,0
2023-08-17 23:15:00,26850.07,26886.01,26777.37000000,26810.01,624.01815000,2023-08-17 23:15:00,16745406.85112720,13023,345.79499000,9278961.85656130,0
2023-08-17 23:20:00,26810.0,26810.01,26710.00000000,26744.12,549.43831000,2023-08-17 23:20:00,14693364.57284520,12373,258.25724000,6906334.34849070,0
2023-08-17 23:25:00,26744.13,26744.13,26570.51000000,26638.01,795.35290000,2023-08-17 23:25:00,21186495.35827080,15242,395.08521000,10523520.78127890,0
2023-08-17 23:30:00,26638.0,26661.46,26512.08000000,26524.01,656.89425000,2023-08-17 23:30:00,17477217.02567930,12444,298.60540000,7943422.08316050,0
2023-08-17 23:35:00,26524.01,26643.95,26458.67000000,26600.0,631.67325000,2023-08-17 23:35:00,16766738.38500080,13299,361.56111000,9597850.01236950,0
2023-08-17 23:40:00,26600.0,26726.0,26594.01000000,26667.99,479.66304000,2023-08-17 23:40:00,12791690.57695390,10432,293.34789000,7822532.50480490,0
2023-08-17 23:45:00,26667.99,26698.0,26625.97000000,26648.27,405.63691000,2023-08-17 23:45:00,10813146.43593550,8053,224.29306000,5978630.47904990,0
2023-08-17 23:50:00,26648.26,26648.27,26583.58000000,26607.99,395.32222000,2023-08-17 23:50:00,10520351.80175090,7541,209.58551000,5577469.16806780,0
2023-08-17 23:55:00,26608.0,26670.0,26607.99000000,26623.41,638.02724000,2023-08-17 23:55:00,16997170.55071660,7991,333.56148000,8884197.11010370,0
2023-08-18 00:00:00,26623.41,26664.25,26593.86000000,26664.24,454.25655000,2023-08-18 00:00:00,12091507.63079860,9759,276.77358000,7366629.30189620,0
2023-08-18 00:05:00,26664.25,26816.0,26664.24000000,26764.4,457.49940000,2023-08-18 00:05:00,12233444.43052120,11266,272.20270000,7277621.16088090,0
2023-08-18 00:10:00,26764.39,26832.6,26700.36000000,26782.12,595.29715000,2023-08-18 00:10:00,15944912.84329790,12127,337.13650000,9029926.94394770,0
2023-08-18 00:15:00,26782.13,26800.0,26719.11000000,26759.79,353.65790000,2023-08-18 00:15:00,9466833.85867140,8553,161.99186000,4336457.98125190,0
2023-08-18 00:20:00,26759.8,26794.64,26732.58000000,26732.59,317.91395000,2023-08-18 00:20:00,8509002.94075330,7651,173.88790000,4654126.43191440,0
2023-08-18 00:25:00,26732.59,26774.0,26723.14000000,26732.99,258.42898000,2023-08-18 00:25:00,6911380.09558870,6342,142.58485000,3813152.57643370,0
2023-08-18 00:30:00,26733.0,26746.0,26676.38000000,26681.33,422.73109000,2023-08-18 00:30:00,11286103.78273750,8319,241.23207000,6439606.04725530,0
2023-08-18 00:35:00,26681.34,26730.0,26666.00000000,26711.33,284.15443000,2023-08-18 00:35:00,7587823.59663420,6458,158.98911000,4245176.13084030,0
2023-08-18 00:40:00,26711.32,26736.32,26691.40000000,26692.27,181.95372000,2023-08-18 00:40:00,4860059.15973670,4449,92.70494000,2476056.08739760,0
2023-08-18 00:45:00,26692.28,26706.0,26650.00000000,26658.88,260.14507000,2023-08-18 00:45:00,6941667.77950290,5844,116.27320000,3102644.23606050,0
2023-08-18 00:50:00,26658.88,26689.57,26658.87000000,26671.59,212.00384000,2023-08-18 00:50:00,5654652.53587770,4577,112.50987000,3000761.92707990,0
2023-08-18 00:55:00,26671.59,26748.0,26671.09000000,26737.3,232.30023000,2023-08-18 00:55:00,6206145.32257020,4848,126.17971000,3371084.28012010,0
2023-08-18 01:00:00,26737.3,26759.96,26689.38000000,26689.99,287.96608000,2023-08-18 01:00:00,7695601.90351690,5337,137.99705000,3688018.38737200,0
2023-08-18 01:05:00,26689.99,26690.0,26666.00000000,26666.01,223.15563000,2023-08-18 01:05:00,5954187.67265070,4406,105.99562000,2828060.64652750,0
2023-08-18 01:10:00,26666.01,26676.0,26590.16000000,26590.17,218.84355000,2023-08-18 01:10:00,5827851.30170680,6339,88.60472000,2359708.08531540,0
2023-08-18 01:15:00,26590.17,26631.14,26582.52000000,26593.35,264.73541000,2023-08-18 01:15:00,7043323.88642520,5303,146.14900000,3888487.63568420,0
2023-08-18 01:20:00,26593.34,26620.0,26584.65000000,26619.99,126.19237000,2023-08-18 01:20:00,3356974.43679210,3160,84.39237000,2244937.23667320,0
2023-08-18 01:25:00,26619.99,26659.22,26600.13000000,26600.14,235.87440000,2023-08-18 01:25:00,6280683.89418240,4272,108.27153000,2882739.16889350,0
2023-08-18 01:30:00,26600.13,26617.34,26585.32000000,26586.0,330.47953000,2023-08-18 01:30:00,8791000.71821010,4565,193.09413000,5136115.35393400,0
2023-08-18 01:35:00,26586.01,26606.0,26569.46000000,26596.27,354.09128000,2023-08-18 01:35:00,9416157.38484820,4947,188.11472000,5001856.61095750,0
2023-08-18 01:40:00,26596.26,26653.99,26596.26000000,26649.99,203.66136000,2023-08-18 01:40:00,5424734.13452180,3936,119.82612000,3191181.28567910,0
2023-08-18 01:45:00,26649.99,26655.71,26588.00000000,26588.78,133.01825000,2023-08-18 01:45:00,3540642.87307840,3470,47.45766000,1263032.72853410,0
2023-08-18 01:50:00,26588.78,26596.0,26564.00000000,26567.58,150.52780000,2023-08-18 01:50:00,4001270.94594070,3645,64.30329000,1709216.20990740,0
2023-08-18 01:55:00,26567.58,26622.86,26567.58000000,26613.49,127.27503000,2023-08-18 01:55:00,3385448.29097520,2956,77.97972000,2073899.81994990,0
2023-08-18 02:00:00,26613.49,26622.0,26600.00000000,26612.0,137.96385000,2023-08-18 02:00:00,3671312.42688940,4006,68.83302000,1831669.21997860,0
2023-08-18 02:05:00,26611.99,26645.74,26610.04000000,26633.32,147.56259000,2023-08-18 02:05:00,3929048.85233740,3274,89.55130000,2384300.03905780,0
2023-08-18 02:10:00,26633.33,26684.64,26630.66000000,26672.0,199.00083000,2023-08-18 02:10:00,5306513.02233570,3842,126.30249000,3367826.26715890,0
2023-08-18 02:15:00,26672.0,26684.12,26640.00000000,26648.72,273.23787000,2023-08-18 02:15:00,7286970.33455840,3742,137.58807000,3668993.07258400,0
2023-08-18 02:20:00,26648.72,26648.72,26601.93000000,26609.34,119.54618000,2023-08-18 02:20:00,3182952.50680840,3199,47.24807000,1257857.56489360,0
2023-08-18 02:25:00,26609.34,26609.35,26585.86000000,26600.0,151.66179000,2023-08-18 02:25:00,4033730.59644250,3093,48.62009000,1292951.03770960,0
2023-08-18 02:30:00,26600.0,26609.32,26585.17000000,26585.69,105.37257000,2023-08-18 02:30:00,2802855.13898950,2659,40.96898000,1089712.25278620,0
2023-08-18 02:35:00,26585.69,26590.75,26575.00000000,26576.06,110.76208000,2023-08-18 02:35:00,2944058.47424570,2328,48.15235000,1279864.95705970,0
2023-08-18 02:40:00,26576.05,26592.72,26518.22000000,26518.47,352.90686000,2023-08-18 02:40:00,9373739.89158360,6895,147.75141000,3924423.24251850,0
2023-08-18 02:45:00,26518.46,26560.33,26518.46000000,26522.01,152.04863000,2023-08-18 02:45:00,4034730.92871170,3902,67.77672000,1798473.88268300,0
2023-08-18 02:50:00,26522.01,26573.08,26517.12000000,26535.0,310.17768000,2023-08-18 02:50:00,8232248.84228240,4770,210.80321000,5594412.09303770,0
2023-08-18 02:55:00,26535.0,26536.0,26466.00000000,26482.13,349.28769000,2023-08-18 02:55:00,9256570.62204210,6974,132.38824000,3507670.24640860,0
2023-08-18 03:00:00,26482.13,26513.8,26470.88000000,26502.01,165.76534000,2023-08-18 03:00:00,4391419.90759630,3826,87.23139000,2310917.20493040,0
2023-08-18 03:05:00,26502.01,26506.71,26446.62000000,26459.12,217.74430000,2023-08-18 03:05:00,5765873.82542020,4485,92.74842000,2455903.97021560,0
2023-08-18 03:10:00,26459.11,26477.22,26408.10000000,26412.76,273.62174000,2023-08-18 03:10:00,7233876.71327490,6206,113.43653000,2999049.66800570,0
2023-08-18 03:15:00,26412.75,26451.59,26400.10000000,26424.0,234.61614000,2023-08-18 03:15:00,6199158.39656730,4887,113.86973000,3008674.76269600,0
2023-08-18 03:20:00,26424.0,26450.2,26416.00000000,26448.92,125.18147000,2023-08-18 03:20:00,3308131.63282840,3617,69.98276000,1849376.79760550,0
2023-08-18 03:25:00,26448.92,26463.07,26426.73000000,26450.01,134.83559000,2023-08-18 03:25:00,3565454.25749760,3162,54.94011000,1452582.41995040,0
2023-08-18 03:30:00,26450.01,26517.8,26446.00000000,26491.56,222.71291000,2023-08-18 03:30:00,5899686.32562830,4534,127.37136000,3374121.81266480,0
2023-08-18 03:35:00,26491.56,26494.2,26470.02000000,26476.55,150.09433000,2023-08-18 03:35:00,3974909.44065490,3379,65.92764000,1745854.94612000,0
2023-08-18 03:40:00,26476.55,26476.56,26405.27000000,26411.12,346.83212000,2023-08-18 03:40:00,9171677.65527630,5459,180.59642000,4775851.38400810,0
2023-08-18 03:45:00,26411.11,26420.92,26322.95000000,26322.95,422.12623000,2023-08-18 03:45:00,11135341.11806670,8343,165.51812000,4365866.92833440,0
2023-08-18 03:50:00,26322.95,26385.37,26321.18000000,26384.14,194.25381000,2023-08-18 03:50:00,5120923.67200800,4583,118.33398000,3119219.14953050,0
2023-08-18 03:55:00,26384.15,26409.99,26370.70000000,26398.0,163.80494000,2023-08-18 03:55:00,4323614.73895230,3750,81.97236000,2163431.36171240,0
2023-08-18 04:00:00,26397.99,26414.88,26395.00000000,26412.99,133.12316000,2023-08-18 04:00:00,3515106.05113910,3446,72.97906000,1926980.74410430,0
2023-08-18 04:05:00,26412.98,26417.0,26402.26000000,26408.25,117.24822000,2023-08-18 04:05:00,3096706.60441160,3274,71.86844000,1898152.85917860,0
2023-08-18 04:10:00,26408.26,26439.58,26402.34000000,26422.02,165.43087000,2023-08-18 04:10:00,4371363.85247520,3931,91.74359000,2423880.12620990,0
2023-08-18 04:15:00,26422.02,26422.03,26338.87000000,26343.95,182.80832000,2023-08-18 04:15:00,4822493.19645680,5312,93.31970000,2462093.31180180,0
2023-08-18 04:20:00,26343.96,26347.83,26290.05000000,26302.02,356.95892000,2023-08-18 04:20:00,9395906.96050250,6720,169.22756000,4453962.61180890,0
2023-08-18 04:25:00,26302.02,26323.04,26157.71000000,26207.63,1059.26551000,2023-08-18 04:25:00,27771947.71401930,16511,536.83797000,14072201.28429830,0
2023-08-18 04:30:00,26207.63,26235.35,26190.00000000,26203.36,298.73301000,2023-08-18 04:30:00,7829927.10322180,7137,189.91221000,4977542.17824200,0
2023-08-18 04:35:00,26203.35,26231.6,26183.39000000,26201.19,371.00305000,2023-08-18 04:35:00,9722924.83731420,6306,129.92693000,3404773.16061320,0
2023-08-18 04:40:00,26201.18,26320.0,26201.18000000,26299.99,423.90673000,2023-08-18 04:40:00,11139009.68091740,8659,224.77499000,5906093.89056400,0
2023-08-18 04:45:00,26299.99,26300.0,26230.71000000,26230.71,231.64124000,2023-08-18 04:45:00,6083646.00363710,6029,95.14506000,2498492.92762050,0
2023-08-18 04:50:00,26230.72,26255.06,26208.44000000,26221.81,292.02902000,2023-08-18 04:50:00,7658762.00217280,6490,158.07090000,4145300.22169870,0
2023-08-18 04:55:00,26221.82,26267.94,26198.61000000,26267.94,329.22193000,2023-08-18 04:55:00,8633496.09155180,4899,138.18172000,3625232.70560030,0
2023-08-18 05:00:00,26267.93,26339.22,26262.47000000,26324.81,371.31091000,2023-08-18 05:00:00,9766367.16774620,7313,225.56429000,5932700.64522910,0
2023-08-18 05:05:00,26324.82,26327.79,26295.71000000,26314.01,330.87922000,2023-08-18 05:05:00,8704091.55115820,5719,179.95162000,4733622.48343480,0
2023-08-18 05:10:00,26314.0,26383.23,26313.99000000,26383.23,225.07703000,2023-08-18 05:10:00,5930790.66525960,5424,132.64652000,3495243.89845310,0
2023-08-18 05:15:00,26383.23,26394.39,26352.80000000,26362.38,246.18262000,2023-08-18 05:15:00,6492238.42706670,4851,103.08963000,2718704.73532900,0
2023-08-18 05:20:00,26362.39,26389.54,26362.38000000,26373.39,137.01683000,2023-08-18 05:20:00,3613826.74196140,3257,68.44463000,1805062.22663330,0
2023-08-18 05:25:00,26373.4,26445.28,26373.39000000,26442.01,198.44204000,2023-08-18 05:25:00,5241144.67175140,4831,111.58691000,2946903.20547500,0
2023-08-18 05:30:00,26442.01,26442.96,26418.72000000,26434.01,225.07747000,2023-08-18 05:30:00,5949301.30927830,5071,115.41274000,3050543.99634430,0
2023-08-18 05:35:00,26434.01,26534.97,26434.00000000,26488.41,404.48037000,2023-08-18 05:35:00,10718052.92683840,8798,235.27201000,6233661.20061940,0
2023-08-18 05:40:00,26488.41,26488.86,26428.23000000,26453.36,289.68560000,2023-08-18 05:40:00,7663224.17187140,5987,125.28442000,3313631.63972260,0
2023-08-18 05:45:00,26453.37,26473.33,26438.78000000,26457.23,195.96830000,2023-08-18 05:45:00,5183809.88927070,4237,106.80247000,2825047.14751560,0
2023-08-18 05:50:00,26457.23,26494.87,26442.20000000,26450.0,166.07267000,2023-08-18 05:50:00,4395646.25516980,4662,74.69932000,1976939.43222970,0
2023-08-18 05:55:00,26450.0,26454.0,26428.37000000,26443.76,192.40431000,2023-08-18 05:55:00,5087205.89661720,4023,83.61709000,2210852.52789670,0
2023-08-18 06:00:00,26443.75,26501.56,26443.75000000,26500.79,177.81681000,2023-08-18 06:00:00,4708508.52664680,4308,102.87031000,2724163.99388750,0
2023-08-18 06:05:00,26500.79,26519.61,26478.74000000,26487.57,316.84947000,2023-08-18 06:05:00,8396950.21438650,5854,142.88479000,3786798.90961850,0
2023-08-18 06:10:00,26487.57,26610.0,26487.56000000,26606.63,471.09551000,2023-08-18 06:10:00,12513125.09592570,8656,258.04017000,6853729.56496540,0
2023-08-18 06:15:00,26606.62,26608.38,26510.89000000,26538.92,470.80583000,2023-08-18 06:15:00,12502911.40806290,9199,190.61169000,5061498.99376520,0
2023-08-18 06:20:00,26538.93,26570.12,26538.92000000,26553.96,232.48457000,2023-08-18 06:20:00,6173337.86616890,4709,127.37222000,3382098.74660410,0
2023-08-18 06:25:00,26553.96,26557.88,26503.62000000,26512.9,289.68344000,2023-08-18 06:25:00,7683870.88020870,5849,97.39053000,2582657.11157200,0
2023-08-18 06:30:00,26512.91,26538.6,26504.00000000,26527.55,202.92212000,2023-08-18 06:30:00,5381182.20914040,4128,98.91318000,2622966.25191320,0
2023-08-18 06:35:00,26527.54,26592.2,26527.54000000,26574.29,363.50365000,2023-08-18 06:35:00,9653457.34405590,5836,214.07487000,5683679.37143550,0
2023-08-18 06:40:00,26574.29,26585.61,26564.86000000,26568.88,206.64888000,2023-08-18 06:40:00,5491360.96032140,4406,100.76162000,2677495.16576560,0
2023-08-18 06:45:00,26568.87,26568.88,26500.00000000,26512.05,193.50088000,2023-08-18 06:45:00,5133193.06194790,4988,79.35045000,2104949.00767370,0
2023-08-18 06:50:00,26512.06,26530.87,26494.00000000,26494.01,189.47967000,2023-08-18 06:50:00,5023337.17673860,4180,65.55136000,1738022.30708880,0
2023-08-18 06:55:00,26494.0,26525.84,26493.08000000,26502.66,229.52852000,2023-08-18 06:55:00,6083395.27331310,5078,108.36709000,2871937.59307290,0
2023-08-18 07:00:00,26502.67,26524.0,26471.15000000,26489.9,218.75408000,2023-08-18 07:00:00,5795470.69738520,5824,93.36982000,2473608.31775850,0
2023-08-18 07:05:00,26489.89,26527.45,26487.53000000,26518.23,173.03388000,2023-08-18 07:05:00,4587569.87878650,3767,87.16612000,2310929.93528510,0
2023-08-18 07:10:00,26518.22,26523.79,26477.09000000,26486.03,282.07686000,2023-08-18 07:10:00,7473445.84100970,4640,129.72574000,3436661.35306070,0
2023-08-18 07:15:00,26486.03,26492.0,26477.27000000,26488.77,196.24588000,2023-08-18 07:15:00,5197538.20161110,3668,87.82198000,2325989.07834900,0
2023-08-18 07:20:00,26488.77,26492.0,26466.00000000,26475.37,165.30371000,2023-08-18 07:20:00,4376169.50941840,3881,67.30541000,1781764.63688340,0
2023-08-18 07:25:00,26475.36,26477.62,26454.90000000,26455.22,155.64520000,2023-08-18 07:25:00,4119754.18696100,3855,52.66153000,1393912.98516560,0
2023-08-18 07:30:00,26455.22,26460.49,26436.00000000,26438.0,313.66171000,2023-08-18 07:30:00,8296011.60144450,5240,155.20561000,4105072.32994730,0
2023-08-18 07:35:00,26438.0,26476.6,26437.99000000,26476.6,271.48379000,2023-08-18 07:35:00,7180571.41077760,4272,182.45791000,4825874.23885010,0
2023-08-18 07:40:00,26476.6,26481.29,26441.95000000,26441.96,296.24409000,2023-08-18 07:40:00,7838326.41328530,4754,150.61158000,3984703.99632160,0
2023-08-18 07:45:00,26441.95,26468.0,26441.95000000,26457.27,263.53989000,2023-08-18 07:45:00,6973367.69309490,3874,184.22599000,4874539.69959050,0
2023-08-18 07:50:00,26457.27,26473.34,26452.78000000,26462.0,274.74667000,2023-08-18 07:50:00,7270302.44875570,4411,169.13532000,4475497.80967910,0
2023-08-18 07:55:00,26462.0,26466.44,26423.00000000,26429.99,480.26665000,2023-08-18 07:55:00,12699564.72256200,7012,234.51765000,6201217.06978590,0
2023-08-18 08:00:00,26430.0,26467.97,26420.96000000,26467.97,188.73065000,2023-08-18 08:00:00,4989038.20313440,3640,104.60448000,2765734.64279930,0
2023-08-18 08:05:00,26467.96,26495.88,26452.79000000,26495.87,137.17055000,2023-08-18 08:05:00,3630231.85058650,3463,72.07498000,1907470.04373920,0
2023-08-18 08:10:00,26495.88,26501.82,26491.94000000,26501.82,224.90884000,2023-08-18 08:10:00,5959208.24333700,3527,115.61272000,3063322.02848770,0
2023-08-18 08:15:00,26501.81,26501.83,26434.90000000,26434.91,232.71905000,2023-08-18 08:15:00,6161783.79456500,5676,47.83674000,1266401.05979660,0
2023-08-18 08:20:00,26434.91,26451.1,26427.47000000,26432.22,197.68447000,2023-08-18 08:20:00,5227072.06400620,3964,86.01240000,2274297.64617370,0
2023-08-18 08:25:00,26432.21,26455.37,26432.21000000,26450.43,137.25336000,2023-08-18 08:25:00,3629874.08562990,3543,70.22290000,1857073.84483210,0
2023-08-18 08:30:00,26450.43,26453.95,26436.29000000,26438.01,121.01941000,2023-08-18 08:30:00,3200236.79475060,3085,45.04596000,1191200.25962980,0
2023-08-18 08:35:00,26438.01,26451.66,26432.30000000,26436.0,117.52273000,2023-08-18 08:35:00,3107313.11135680,3264,47.27921000,1250086.13751820,0
2023-08-18 08:40:00,26435.99,26465.44,26434.22000000,26465.43,97.56865000,2023-08-18 08:40:00,2580676.55005500,2454,67.45319000,1784295.73990710,0
2023-08-18 08:45:00,26465.44,26519.53,26465.43000000,26514.22,287.30427000,2023-08-18 08:45:00,7608989.78113040,4477,164.81191000,4365219.32736020,0
2023-08-18 08:50:00,26514.21,26579.31,26498.46000000,26536.29,367.33176000,2023-08-18 08:50:00,9750451.73171640,7142,192.74425000,5115971.18018210,0
2023-08-18 08:55:00,26536.29,26595.47,26535.45000000,26591.69,312.77091000,2023-08-18 08:55:00,8312937.19888960,5702,182.98998000,4863534.36637640,0
2023-08-18 09:00:00,26591.68,26592.54,26541.04000000,26554.65,395.02859000,2023-08-18 09:00:00,10495319.16054390,7988,123.96562000,3293473.20386240,0
2023-08-18 09:05:00,26554.65,26585.55,26554.64000000,26577.01,142.01313000,2023-08-18 09:05:00,3773496.75498290,3260,62.77007000,1667802.01597430,0
2023-08-18 09:10:00,26577.0,26580.0,26554.64000000,26574.0,231.74724000,2023-08-18 09:10:00,6157388.19434010,4262,105.85374000,2812413.12274860,0
2023-08-18 09:15:00,26574.0,26603.41,26573.99000000,26601.64,140.69132000,2023-08-18 09:15:00,3740626.62907400,3620,64.80792000,1723214.32802730,0
2023-08-18 09:20:00,26601.64,26609.65,26554.00000000,26561.09,268.69896000,2023-08-18 09:20:00,7141658.12763690,5517,62.26188000,1654553.50862650,0
2023-08-18 09:25:00,26561.09,26563.68,26532.74000000,26543.39,204.84178000,2023-08-18 09:25:00,5437286.62611960,4152,79.39612000,2107373.84921770,0
2023-08-18 09:30:00,26543.4,26543.4,26506.91000000,26515.51,237.93144000,2023-08-18 09:30:00,6310483.42889310,4476,54.27613000,1439431.84459870,0
2023-08-18 09:35:00,26515.52,26531.59,26505.21000000,26511.56,265.85558000,2023-08-18 09:35:00,7048900.95913520,4647,118.13181000,3131961.31731460,0
2023-08-18 09:40:00,26511.56,26531.59,26502.06000000,26502.55,190.62084000,2023-08-18 09:40:00,5055074.19163840,4138,73.99374000,1962231.17323550,0
2023-08-18 09:45:00,26502.55,26508.0,26482.35000000,26489.74,124.66412000,2023-08-18 09:45:00,3303051.90463750,3325,46.70473000,1237410.50384450,0
2023-08-18 09:50:00,26489.73,26497.69,26473.54000000,26473.54,134.90338000,2023-08-18 09:50:00,3573077.84153380,3354,58.27154000,1543468.86204580,0
2023-08-18 09:55:00,26473.54,26474.45,26425.82000000,26451.61,277.51509000,2023-08-18 09:55:00,7339910.28829290,5648,98.10119000,2594548.40409240,0
2023-08-18 10:00:00,26451.61,26461.99,26432.25000000,26457.99,171.52956000,2023-08-18 10:00:00,4536235.83016070,4427,74.02833000,1957748.45796500,0
2023-08-18 10:05:00,26458.0,26465.23,26400.00000000,26412.21,207.38795000,2023-08-18 10:05:00,5481916.38491140,4763,88.30200000,2333824.94953100,0
2023-08-18 10:10:00,26412.21,26438.55,26388.00000000,26437.5,186.63069000,2023-08-18 10:10:00,4929726.46533320,4337,85.13257000,2248881.11672920,0
2023-08-18 10:15:00,26437.49,26460.0,26437.49000000,26441.26,104.57257000,2023-08-18 10:15:00,2766195.71380020,2495,43.08278000,1139607.30780560,0
2023-08-18 10:20:00,26441.27,26461.84,26430.65000000,26450.65,123.96248000,2023-08-18 10:20:00,3278823.15678070,2457,68.37128000,1808282.36918960,0
2023-08-18 10:25:00,26450.64,26450.65,26412.01000000,26417.78,162.38982000,2023-08-18 10:25:00,4292668.21905690,2963,66.94528000,1769588.47860660,0
2023-08-18 10:30:00,26417.78,26461.13,26417.78000000,26458.22,125.18932000,2023-08-18 10:30:00,3310294.93295940,2686,72.50744000,1917220.72490900,0
2023-08-18 10:35:00,26458.22,26468.67,26450.00000000,26457.42,125.66843000,2023-08-18 10:35:00,3324965.96775340,2701,67.13094000,1776095.60396740,0
2023-08-18 10:40:00,26457.41,26465.31,26432.46000000,26433.28,118.47639000,2023-08-18 10:40:00,3133174.81267470,3238,57.10025000,1510005.32453300,0
2023-08-18 10:45:00,26433.27,26445.78,26433.27000000,26439.63,108.67039000,2023-08-18 10:45:00,2873309.11645920,2046,62.75229000,1659132.58816550,0
2023-08-18 10:50:00,26439.63,26448.65,26437.56000000,26444.19,101.68280000,2023-08-18 10:50:00,2688873.96105500,2261,50.90739000,1346139.19864040,0
2023-08-18 10:55:00,26444.2,26458.49,26444.19000000,26452.08,108.94185000,2023-08-18 10:55:00,2882116.55958820,2090,53.74203000,1421723.41604240,0
2023-08-18 11:00:00,26452.07,26455.52,26444.44000000,26451.97,72.31864000,2023-08-18 11:00:00,1912820.78043960,2152,29.27277000,774244.38978080,0
2023-08-18 11:05:00,26451.97,26453.65,26433.35000000,26436.41,92.01449000,2023-08-18 11:05:00,2433078.48285020,2575,21.92268000,579722.36237210,0
2023-08-18 11:10:00,26436.41,26452.52,26433.04000000,26451.01,76.06712000,2023-08-18 11:10:00,2011431.38467290,2137,42.99023000,1136758.07525050,0
2023-08-18 11:15:00,26451.01,26465.75,26448.00000000,26448.0,156.98358000,2023-08-18 11:15:00,4153030.36831570,2446,80.61424000,2132713.58619490,0
2023-08-18 11:20:00,26448.0,26448.01,26432.12000000,26433.27,132.22294000,2023-08-18 11:20:00,3496137.37910650,2612,46.44433000,1228017.94723150,0
2023-08-18 11:25:00,26433.27,26433.27,26381.60000000,26401.06,304.51074000,2023-08-18 11:25:00,8040736.28396490,5242,109.52049000,2891776.35324200,0
2023-08-18 11:30:00,26401.06,26416.0,26386.32000000,26411.92,104.62697000,2023-08-18 11:30:00,2762172.28083340,2498,50.32046000,1328476.40858310,0
2023-08-18 11:35:00,26411.91,26414.0,26394.00000000,26412.01,85.80414000,2023-08-18 11:35:00,2265683.06055590,2611,28.67945000,757272.01745860,0
2023-08-18 11:40:00,26412.0,26512.0,26412.00000000,26479.99,282.85851000,2023-08-18 11:40:00,7490714.69064040,4968,150.91053000,3995736.48388710,0
2023-08-18 11:45:00,26479.99,26507.81,26470.83000000,26500.0,124.81263000,2023-08-18 11:45:00,3306540.35603180,3301,61.63564000,1632774.76691530,0
2023-08-18 11:50:00,26500.0,26514.28,26484.88000000,26498.0,185.83205000,2023-08-18 11:50:00,4924559.32332470,3266,95.10276000,2520104.09399840,0
2023-08-18 11:55:00,26498.0,26511.47,26490.00000000,26494.0,104.12981000,2023-08-18 11:55:00,2759333.68211510,2522,35.44868000,939366.34415170,0
2023-08-18 12:00:00,26494.0,26500.0,26458.75000000,26468.84,229.46879000,2023-08-18 12:00:00,6076563.57154520,3936,83.71550000,2216719.35020990,0
2023-08-18 12:05:00,26468.84,26468.84,26406.00000000,26410.01,194.39906000,2023-08-18 12:05:00,5137599.99142430,3630,59.41563000,1570150.57163720,0
2023-08-18 12:10:00,26410.01,26415.29,26340.00000000,26391.58,371.77238000,2023-08-18 12:10:00,9807324.30428320,6269,165.54917000,4366581.10943390,0
2023-08-18 12:15:00,26391.58,26417.32,26370.88000000,26380.0,203.98900000,2023-08-18 12:15:00,5384536.26937330,3366,106.18942000,2803254.09340370,0
2023-08-18 12:20:00,26380.01,26396.0,26364.31000000,26364.31,109.43196000,2023-08-18 12:20:00,2887311.78442400,2616,30.42528000,802740.63644280,0
2023-08-18 12:25:00,26364.32,26399.72,26351.25000000,26375.38,174.82590000,2023-08-18 12:25:00,4610525.63417030,2945,64.04754000,1689037.21641620,0
2023-08-18 12:30:00,26375.39,26387.91,26364.57000000,26387.91,193.00348000,2023-08-18 12:30:00,5091366.98719750,2607,114.75803000,3027226.03095650,0
2023-08-18 12:35:00,26387.91,26389.97,26370.30000000,26371.99,83.80799000,2023-08-18 12:35:00,2210919.25007740,2416,37.18963000,981080.99694180,0
2023-08-18 12:40:00,26371.99,26410.0,26340.00000000,26358.0,210.44673000,2023-08-18 12:40:00,5550731.34134150,3858,103.60280000,2732607.77632080,0
2023-08-18 12:45:00,26357.99,26359.6,26357.99000000,26359.6,1.03427000,2023-08-18 12:45:00,27261.34224810,49,0.40590000,10698.77207180,0
